id,kode_provinsi,nama_provinsi,bps_kode_kabupaten_kota,bps_nama_kabupaten_kota,bps_kode_kecamatan,bps_nama_kecamatan,kemendagri_kode_kecamatan,kemendagri_nama_kecamatan,puskesmas,jenis_kelamin,jumlah_kasus_tbc,satuan,tahun
1,32,JAWA BARAT,3209,KABUPATEN CIREBON,3209010,Waled,32.09.01,WALED,WALED,PRIA,17,ORANG,2021
2,32,JAWA BARAT,3209,KABUPATEN CIREBON,3209010,Waled,32.09.01,WALED,CIBOGO,PRIA,13,ORANG,2021
3,32,JAWA BARAT,3209,KABUPATEN CIREBON,3209011,Pasaleman,32.09.32,PASALEMAN,PASALEMAN,PRIA,11,ORANG,2021
4,32,JAWA BARAT,3209,KABUPATEN CIREBON,3209020,Ciledug,32.09.02,CILEDUG,CILEDUG,PRIA,30,ORANG,2021
5,32,JAWA BARAT,3209,KABUPATEN CIREBON,3209021,Pabuaran,32.09.33,PABUARAN,PABUARAN,PRIA,10,ORANG,2021
6,32,JAWA BARAT,3209,KABUPATEN CIREBON,3209030,Losari,32.09.03,LOSARI,LOSARI,PRIA,14,ORANG,2021
7,32,JAWA BARAT,3209,KABUPATEN CIREBON,3209030,Losari,32.09.03,LOSARI,ASTANALANGGAR,PRIA,12,ORANG,2021
8,32,JAWA BARAT,3209,KABUPATEN CIREBON,3209031,Pabedilan,32.09.04,PABEDILAN,PABEDILAN,PRIA,12,ORANG,2021
9,32,JAWA BARAT,3209,KABUPATEN CIREBON,3209031,Pabedilan,32.09.04,PABEDILAN,KALIMUKTI,PRIA,15,ORANG,2021
10,32,JAWA BARAT,3209,KABUPATEN CIREBON,3209040,Babakan,32.09.05,BABAKAN,BABAKAN,PRIA,28,ORANG,2021
11,32,JAWA BARAT,3209,KABUPATEN CIREBON,3209040,Babakan,32.09.05,BABAKAN,GEMBONGAN,PRIA,18,ORANG,2021
12,32,JAWA BARAT,3209,KABUPATEN CIREBON,3209041,Gebang,32.09.30,GEBANG,GEBANG,PRIA,10,ORANG,2021
13,32,JAWA BARAT,3209,KABUPATEN CIREBON,3209041,Gebang,32.09.30,GEBANG,KALIMARO,PRIA,7,ORANG,2021
14,32,JAWA BARAT,3209,KABUPATEN CIREBON,3209050,Karangsembung,32.09.06,KARANGSEMBUNG,KARANGSEMBUNG,PRIA,18,ORANG,2021
15,32,JAWA BARAT,3209,KABUPATEN CIREBON,3209051,Karangwareng,32.09.34,KARANGWARENG,KUBANGDELEG,PRIA,5,ORANG,2021
16,32,JAWA BARAT,3209,KABUPATEN CIREBON,3209060,Lemahabang,32.09.07,LEMAHABANG,SINDANGLAUT,PRIA,41,ORANG,2021
17,32,JAWA BARAT,3209,KABUPATEN CIREBON,3209061,Susukanlebak,32.09.08,SUSUKAN LEBAK,SUSUKANLEBAK,PRIA,16,ORANG,2021
18,32,JAWA BARAT,3209,KABUPATEN CIREBON,3209070,Sedong,32.09.09,SEDONG,SEDONG,PRIA,59,ORANG,2021
19,32,JAWA BARAT,3209,KABUPATEN CIREBON,3209080,Astanajapura,32.09.10,ASTANAJAPURA,ASTANAJAPURA,PRIA,31,ORANG,2021
20,32,JAWA BARAT,3209,KABUPATEN CIREBON,3209080,Astanajapura,32.09.10,ASTANAJAPURA,SIDAMULYA,PRIA,34,ORANG,2021
21,32,JAWA BARAT,3209,KABUPATEN CIREBON,3209081,Pangenan,32.09.11,PANGENAN,PANGENAN,PRIA,23,ORANG,2021
22,32,JAWA BARAT,3209,KABUPATEN CIREBON,3209090,Mundu,32.09.12,MUNDU,MUNDU,PRIA,15,ORANG,2021
23,32,JAWA BARAT,3209,KABUPATEN CIREBON,3209090,Mundu,32.09.12,MUNDU,PAMENGKANG,PRIA,13,ORANG,2021
24,32,JAWA BARAT,3209,KABUPATEN CIREBON,3209100,Beber,32.09.13,BEBER,BEBER,PRIA,31,ORANG,2021
25,32,JAWA BARAT,3209,KABUPATEN CIREBON,3209101,Greged,32.09.38,GREGED,KAMARANG,PRIA,23,ORANG,2021
26,32,JAWA BARAT,3209,KABUPATEN CIREBON,3209101,Greged,32.09.38,GREGED,NANGGELA,PRIA,26,ORANG,2021
27,32,JAWA BARAT,3209,KABUPATEN CIREBON,3209111,Talun,32.09.14,TALUN,TALUN,PRIA,6,ORANG,2021
28,32,JAWA BARAT,3209,KABUPATEN CIREBON,3209111,Talun,32.09.14,TALUN,CIPERNA,PRIA,14,ORANG,2021
29,32,JAWA BARAT,3209,KABUPATEN CIREBON,3209120,Sumber,32.09.15,SUMBER,SUMBER,PRIA,9,ORANG,2021
30,32,JAWA BARAT,3209,KABUPATEN CIREBON,3209120,Sumber,32.09.15,SUMBER,WATUBELAH,PRIA,9,ORANG,2021
31,32,JAWA BARAT,3209,KABUPATEN CIREBON,3209120,Sumber,32.09.15,SUMBER,SENDANG,PRIA,1,ORANG,2021
32,32,JAWA BARAT,3209,KABUPATEN CIREBON,3209121,Dukupuntang,32.09.16,DUKUPUNTANG,DUKUPUNTANG,PRIA,13,ORANG,2021
33,32,JAWA BARAT,3209,KABUPATEN CIREBON,3209121,Dukupuntang,32.09.16,DUKUPUNTANG,SINDANGJAWA,PRIA,1,ORANG,2021
34,32,JAWA BARAT,3209,KABUPATEN CIREBON,3209130,Palimanan,32.09.17,PALIMANAN,PALIMANAN,PRIA,7,ORANG,2021
35,32,JAWA BARAT,3209,KABUPATEN CIREBON,3209130,Palimanan,32.09.17,PALIMANAN,KEPUH,PRIA,3,ORANG,2021
36,32,JAWA BARAT,3209,KABUPATEN CIREBON,3209140,Plumbon,32.09.18,PLUMBON,PLUMBON,PRIA,56,ORANG,2021
37,32,JAWA BARAT,3209,KABUPATEN CIREBON,3209140,Plumbon,32.09.18,PLUMBON,LURAH,PRIA,4,ORANG,2021
38,32,JAWA BARAT,3209,KABUPATEN CIREBON,3209141,Depok,32.09.31,DEPOK,WARUROYOM,PRIA,17,ORANG,2021
39,32,JAWA BARAT,3209,KABUPATEN CIREBON,3209150,Weru,32.09.19,WERU,KARANGSARI,PRIA,18,ORANG,2021
40,32,JAWA BARAT,3209,KABUPATEN CIREBON,3209151,Plered,32.09.36,PLERED,PLERED,PRIA,15,ORANG,2021
41,32,JAWA BARAT,3209,KABUPATEN CIREBON,3209151,Plered,32.09.36,PLERED,PANGKALAN,PRIA,13,ORANG,2021
42,32,JAWA BARAT,3209,KABUPATEN CIREBON,3209161,Tengah Tani,32.09.35,TENGAH TANI,TENGAHTANI,PRIA,24,ORANG,2021
43,32,JAWA BARAT,3209,KABUPATEN CIREBON,3209162,Kedawung,32.09.20,KEDAWUNG,KEDAWUNG,PRIA,13,ORANG,2021
44,32,JAWA BARAT,3209,KABUPATEN CIREBON,3209171,Gunungjati,32.09.21,GUNUNG JATI,GUNUNGJATI,PRIA,15,ORANG,2021
45,32,JAWA BARAT,3209,KABUPATEN CIREBON,3209171,Gunungjati,32.09.21,GUNUNG JATI,MAYUNG,PRIA,6,ORANG,2021
46,32,JAWA BARAT,3209,KABUPATEN CIREBON,3209180,Kapetakan,32.09.22,KAPETAKAN,KEDATON,PRIA,32,ORANG,2021
47,32,JAWA BARAT,3209,KABUPATEN CIREBON,3209181,Suranenggala,32.09.39,SURANENGGALA,SURANENGGALA,PRIA,25,ORANG,2021
48,32,JAWA BARAT,3209,KABUPATEN CIREBON,3209190,Klangenan,32.09.23,KLANGENAN,KLANGENAN,PRIA,23,ORANG,2021
49,32,JAWA BARAT,3209,KABUPATEN CIREBON,3209190,Klangenan,32.09.23,KLANGENAN,BANGODUA,PRIA,10,ORANG,2021
50,32,JAWA BARAT,3209,KABUPATEN CIREBON,3209191,Jamblang,32.09.40,JAMBLANG,JAMBLANG,PRIA,17,ORANG,2021
51,32,JAWA BARAT,3209,KABUPATEN CIREBON,3209200,Arjawinangun,32.09.24,ARJAWINANGUN,TEGAL GUBUG,PRIA,32,ORANG,2021
52,32,JAWA BARAT,3209,KABUPATEN CIREBON,3209201,Panguragan,32.09.25,PANGURAGAN,PANGURAGAN,PRIA,16,ORANG,2021
53,32,JAWA BARAT,3209,KABUPATEN CIREBON,3209210,Ciwaringin,32.09.26,CIWARINGIN,CIWARINGIN,PRIA,5,ORANG,2021
54,32,JAWA BARAT,3209,KABUPATEN CIREBON,3209211,Gempol,32.09.37,GEMPOL,WINONG,PRIA,5,ORANG,2021
55,32,JAWA BARAT,3209,KABUPATEN CIREBON,3209211,Gempol,32.09.37,GEMPOL,GEMPOL,PRIA,5,ORANG,2021
56,32,JAWA BARAT,3209,KABUPATEN CIREBON,3209220,Susukan,32.09.27,SUSUKAN,SUSUKAN,PRIA,14,ORANG,2021
57,32,JAWA BARAT,3209,KABUPATEN CIREBON,3209220,Susukan,32.09.27,SUSUKAN,BUNDER,PRIA,16,ORANG,2021
58,32,JAWA BARAT,3209,KABUPATEN CIREBON,3209230,Gegesik,32.09.28,GEGESIK,GEGESIK,PRIA,12,ORANG,2021
59,32,JAWA BARAT,3209,KABUPATEN CIREBON,3209230,Gegesik,32.09.28,GEGESIK,JAGAPURA,PRIA,18,ORANG,2021
60,32,JAWA BARAT,3209,KABUPATEN CIREBON,3209231,Kaliwedi,32.09.29,KALIWEDI,KALIWEDI,PRIA,15,ORANG,2021
61,32,JAWA BARAT,3209,KABUPATEN CIREBON,3209010,Waled,32.09.01,WALED,WALED,WANITA,9,ORANG,2021
62,32,JAWA BARAT,3209,KABUPATEN CIREBON,3209010,Waled,32.09.01,WALED,CIBOGO,WANITA,13,ORANG,2021
63,32,JAWA BARAT,3209,KABUPATEN CIREBON,3209011,Pasaleman,32.09.32,PASALEMAN,PASALEMAN,WANITA,9,ORANG,2021
64,32,JAWA BARAT,3209,KABUPATEN CIREBON,3209020,Ciledug,32.09.02,CILEDUG,CILEDUG,WANITA,29,ORANG,2021
65,32,JAWA BARAT,3209,KABUPATEN CIREBON,3209021,Pabuaran,32.09.33,PABUARAN,PABUARAN,WANITA,8,ORANG,2021
66,32,JAWA BARAT,3209,KABUPATEN CIREBON,3209030,Losari,32.09.03,LOSARI,LOSARI,WANITA,11,ORANG,2021
67,32,JAWA BARAT,3209,KABUPATEN CIREBON,3209030,Losari,32.09.03,LOSARI,ASTANALANGGAR,WANITA,13,ORANG,2021
68,32,JAWA BARAT,3209,KABUPATEN CIREBON,3209031,Pabedilan,32.09.04,PABEDILAN,PABEDILAN,WANITA,10,ORANG,2021
69,32,JAWA BARAT,3209,KABUPATEN CIREBON,3209031,Pabedilan,32.09.04,PABEDILAN,KALIMUKTI,WANITA,11,ORANG,2021
70,32,JAWA BARAT,3209,KABUPATEN CIREBON,3209040,Babakan,32.09.05,BABAKAN,BABAKAN,WANITA,19,ORANG,2021
71,32,JAWA BARAT,3209,KABUPATEN CIREBON,3209040,Babakan,32.09.05,BABAKAN,GEMBONGAN,WANITA,19,ORANG,2021
72,32,JAWA BARAT,3209,KABUPATEN CIREBON,3209041,Gebang,32.09.30,GEBANG,GEBANG,WANITA,8,ORANG,2021
73,32,JAWA BARAT,3209,KABUPATEN CIREBON,3209041,Gebang,32.09.30,GEBANG,KALIMARO,WANITA,6,ORANG,2021
74,32,JAWA BARAT,3209,KABUPATEN CIREBON,3209050,Karangsembung,32.09.06,KARANGSEMBUNG,KARANGSEMBUNG,WANITA,19,ORANG,2021
75,32,JAWA BARAT,3209,KABUPATEN CIREBON,3209051,Karangwareng,32.09.34,KARANGWARENG,KUBANGDELEG,WANITA,5,ORANG,2021
76,32,JAWA BARAT,3209,KABUPATEN CIREBON,3209060,Lemahabang,32.09.07,LEMAHABANG,SINDANGLAUT,WANITA,21,ORANG,2021
77,32,JAWA BARAT,3209,KABUPATEN CIREBON,3209061,Susukanlebak,32.09.08,SUSUKAN LEBAK,SUSUKANLEBAK,WANITA,26,ORANG,2021
78,32,JAWA BARAT,3209,KABUPATEN CIREBON,3209070,Sedong,32.09.09,SEDONG,SEDONG,WANITA,39,ORANG,2021
79,32,JAWA BARAT,3209,KABUPATEN CIREBON,3209080,Astanajapura,32.09.10,ASTANAJAPURA,ASTANAJAPURA,WANITA,34,ORANG,2021
80,32,JAWA BARAT,3209,KABUPATEN CIREBON,3209080,Astanajapura,32.09.10,ASTANAJAPURA,SIDAMULYA,WANITA,21,ORANG,2021
81,32,JAWA BARAT,3209,KABUPATEN CIREBON,3209081,Pangenan,32.09.11,PANGENAN,PANGENAN,WANITA,25,ORANG,2021
82,32,JAWA BARAT,3209,KABUPATEN CIREBON,3209090,Mundu,32.09.12,MUNDU,MUNDU,WANITA,14,ORANG,2021
83,32,JAWA BARAT,3209,KABUPATEN CIREBON,3209090,Mundu,32.09.12,MUNDU,PAMENGKANG,WANITA,10,ORANG,2021
84,32,JAWA BARAT,3209,KABUPATEN CIREBON,3209100,Beber,32.09.13,BEBER,BEBER,WANITA,15,ORANG,2021
85,32,JAWA BARAT,3209,KABUPATEN CIREBON,3209101,Greged,32.09.38,GREGED,KAMARANG,WANITA,11,ORANG,2021
86,32,JAWA BARAT,3209,KABUPATEN CIREBON,3209101,Greged,32.09.38,GREGED,NANGGELA,WANITA,14,ORANG,2021
87,32,JAWA BARAT,3209,KABUPATEN CIREBON,3209111,Talun,32.09.14,TALUN,TALUN,WANITA,7,ORANG,2021
88,32,JAWA BARAT,3209,KABUPATEN CIREBON,3209111,Talun,32.09.14,TALUN,CIPERNA,WANITA,6,ORANG,2021
89,32,JAWA BARAT,3209,KABUPATEN CIREBON,3209120,Sumber,32.09.15,SUMBER,SUMBER,WANITA,1,ORANG,2021
90,32,JAWA BARAT,3209,KABUPATEN CIREBON,3209120,Sumber,32.09.15,SUMBER,WATUBELAH,WANITA,7,ORANG,2021
91,32,JAWA BARAT,3209,KABUPATEN CIREBON,3209120,Sumber,32.09.15,SUMBER,SENDANG,WANITA,3,ORANG,2021
92,32,JAWA BARAT,3209,KABUPATEN CIREBON,3209121,Dukupuntang,32.09.16,DUKUPUNTANG,DUKUPUNTANG,WANITA,5,ORANG,2021
93,32,JAWA BARAT,3209,KABUPATEN CIREBON,3209121,Dukupuntang,32.09.16,DUKUPUNTANG,SINDANGJAWA,WANITA,2,ORANG,2021
94,32,JAWA BARAT,3209,KABUPATEN CIREBON,3209130,Palimanan,32.09.17,PALIMANAN,PALIMANAN,WANITA,6,ORANG,2021
95,32,JAWA BARAT,3209,KABUPATEN CIREBON,3209130,Palimanan,32.09.17,PALIMANAN,KEPUH,WANITA,3,ORANG,2021
96,32,JAWA BARAT,3209,KABUPATEN CIREBON,3209140,Plumbon,32.09.18,PLUMBON,PLUMBON,WANITA,31,ORANG,2021
97,32,JAWA BARAT,3209,KABUPATEN CIREBON,3209140,Plumbon,32.09.18,PLUMBON,LURAH,WANITA,4,ORANG,2021
98,32,JAWA BARAT,3209,KABUPATEN CIREBON,3209141,Depok,32.09.31,DEPOK,WARUROYOM,WANITA,10,ORANG,2021
99,32,JAWA BARAT,3209,KABUPATEN CIREBON,3209150,Weru,32.09.19,WERU,KARANGSARI,WANITA,13,ORANG,2021
100,32,JAWA BARAT,3209,KABUPATEN CIREBON,3209151,Plered,32.09.36,PLERED,PLERED,WANITA,18,ORANG,2021
101,32,JAWA BARAT,3209,KABUPATEN CIREBON,3209151,Plered,32.09.36,PLERED,PANGKALAN,WANITA,9,ORANG,2021
102,32,JAWA BARAT,3209,KABUPATEN CIREBON,3209161,Tengah Tani,32.09.35,TENGAH TANI,TENGAHTANI,WANITA,13,ORANG,2021
103,32,JAWA BARAT,3209,KABUPATEN CIREBON,3209162,Kedawung,32.09.20,KEDAWUNG,KEDAWUNG,WANITA,6,ORANG,2021
104,32,JAWA BARAT,3209,KABUPATEN CIREBON,3209171,Gunungjati,32.09.21,GUNUNG JATI,GUNUNGJATI,WANITA,7,ORANG,2021
105,32,JAWA BARAT,3209,KABUPATEN CIREBON,3209171,Gunungjati,32.09.21,GUNUNG JATI,MAYUNG,WANITA,6,ORANG,2021
106,32,JAWA BARAT,3209,KABUPATEN CIREBON,3209180,Kapetakan,32.09.22,KAPETAKAN,KEDATON,WANITA,11,ORANG,2021
107,32,JAWA BARAT,3209,KABUPATEN CIREBON,3209181,Suranenggala,32.09.39,SURANENGGALA,SURANENGGALA,WANITA,32,ORANG,2021
108,32,JAWA BARAT,3209,KABUPATEN CIREBON,3209190,Klangenan,32.09.23,KLANGENAN,KLANGENAN,WANITA,18,ORANG,2021
109,32,JAWA BARAT,3209,KABUPATEN CIREBON,3209190,Klangenan,32.09.23,KLANGENAN,BANGODUA,WANITA,12,ORANG,2021
110,32,JAWA BARAT,3209,KABUPATEN CIREBON,3209191,Jamblang,32.09.40,JAMBLANG,JAMBLANG,WANITA,11,ORANG,2021
111,32,JAWA BARAT,3209,KABUPATEN CIREBON,3209200,Arjawinangun,32.09.24,ARJAWINANGUN,TEGAL GUBUG,WANITA,21,ORANG,2021
112,32,JAWA BARAT,3209,KABUPATEN CIREBON,3209201,Panguragan,32.09.25,PANGURAGAN,PANGURAGAN,WANITA,11,ORANG,2021
113,32,JAWA BARAT,3209,KABUPATEN CIREBON,3209210,Ciwaringin,32.09.26,CIWARINGIN,CIWARINGIN,WANITA,5,ORANG,2021
114,32,JAWA BARAT,3209,KABUPATEN CIREBON,3209211,Gempol,32.09.37,GEMPOL,WINONG,WANITA,1,ORANG,2021
115,32,JAWA BARAT,3209,KABUPATEN CIREBON,3209211,Gempol,32.09.37,GEMPOL,GEMPOL,WANITA,2,ORANG,2021
116,32,JAWA BARAT,3209,KABUPATEN CIREBON,3209220,Susukan,32.09.27,SUSUKAN,SUSUKAN,WANITA,13,ORANG,2021
117,32,JAWA BARAT,3209,KABUPATEN CIREBON,3209220,Susukan,32.09.27,SUSUKAN,BUNDER,WANITA,7,ORANG,2021
118,32,JAWA BARAT,3209,KABUPATEN CIREBON,3209230,Gegesik,32.09.28,GEGESIK,GEGESIK,WANITA,10,ORANG,2021
119,32,JAWA BARAT,3209,KABUPATEN CIREBON,3209230,Gegesik,32.09.28,GEGESIK,JAGAPURA,WANITA,16,ORANG,2021
120,32,JAWA BARAT,3209,KABUPATEN CIREBON,3209231,Kaliwedi,32.09.29,KALIWEDI,KALIWEDI,WANITA,6,ORANG,2021
121,32,JAWA BARAT,3209,KABUPATEN CIREBON,3209010,Waled,32.09.01,WALED,WALED,PRIA,24,ORANG,2022
122,32,JAWA BARAT,3209,KABUPATEN CIREBON,3209010,Waled,32.09.01,WALED,CIBOGO,PRIA,19,ORANG,2022
123,32,JAWA BARAT,3209,KABUPATEN CIREBON,3209011,Pasaleman,32.09.32,PASALEMAN,PASALEMAN,PRIA,22,ORANG,2022
124,32,JAWA BARAT,3209,KABUPATEN CIREBON,3209020,Ciledug,32.09.02,CILEDUG,CILEDUG,PRIA,62,ORANG,2022
125,32,JAWA BARAT,3209,KABUPATEN CIREBON,3209021,Pabuaran,32.09.33,PABUARAN,PABUARAN,PRIA,16,ORANG,2022
126,32,JAWA BARAT,3209,KABUPATEN CIREBON,3209030,Losari,32.09.03,LOSARI,LOSARI,PRIA,44,ORANG,2022
127,32,JAWA BARAT,3209,KABUPATEN CIREBON,3209030,Losari,32.09.03,LOSARI,ASTANALANGGAR,PRIA,21,ORANG,2022
128,32,JAWA BARAT,3209,KABUPATEN CIREBON,3209031,Pabedilan,32.09.04,PABEDILAN,PABEDILAN,PRIA,12,ORANG,2022
129,32,JAWA BARAT,3209,KABUPATEN CIREBON,3209031,Pabedilan,32.09.04,PABEDILAN,KALIMUKTI,PRIA,17,ORANG,2022
130,32,JAWA BARAT,3209,KABUPATEN CIREBON,3209040,Babakan,32.09.05,BABAKAN,BABAKAN,PRIA,40,ORANG,2022
131,32,JAWA BARAT,3209,KABUPATEN CIREBON,3209040,Babakan,32.09.05,BABAKAN,GEMBONGAN,PRIA,17,ORANG,2022
132,32,JAWA BARAT,3209,KABUPATEN CIREBON,3209041,Gebang,32.09.30,GEBANG,GEBANG,PRIA,15,ORANG,2022
133,32,JAWA BARAT,3209,KABUPATEN CIREBON,3209041,Gebang,32.09.30,GEBANG,KALIMARO,PRIA,13,ORANG,2022
134,32,JAWA BARAT,3209,KABUPATEN CIREBON,3209050,Karangsembung,32.09.06,KARANGSEMBUNG,KARANGSEMBUNG,PRIA,27,ORANG,2022
135,32,JAWA BARAT,3209,KABUPATEN CIREBON,3209051,Karangwareng,32.09.34,KARANGWARENG,KUBANGDELEG,PRIA,20,ORANG,2022
136,32,JAWA BARAT,3209,KABUPATEN CIREBON,3209060,Lemahabang,32.09.07,LEMAHABANG,SINDANGLAUT,PRIA,45,ORANG,2022
137,32,JAWA BARAT,3209,KABUPATEN CIREBON,3209061,Susukanlebak,32.09.08,SUSUKAN LEBAK,SUSUKANLEBAK,PRIA,50,ORANG,2022
138,32,JAWA BARAT,3209,KABUPATEN CIREBON,3209070,Sedong,32.09.09,SEDONG,SEDONG,PRIA,93,ORANG,2022
139,32,JAWA BARAT,3209,KABUPATEN CIREBON,3209080,Astanajapura,32.09.10,ASTANAJAPURA,ASTANAJAPURA,PRIA,34,ORANG,2022
140,32,JAWA BARAT,3209,KABUPATEN CIREBON,3209080,Astanajapura,32.09.10,ASTANAJAPURA,SIDAMULYA,PRIA,40,ORANG,2022
141,32,JAWA BARAT,3209,KABUPATEN CIREBON,3209081,Pangenan,32.09.11,PANGENAN,PANGENAN,PRIA,31,ORANG,2022
142,32,JAWA BARAT,3209,KABUPATEN CIREBON,3209090,Mundu,32.09.12,MUNDU,MUNDU,PRIA,19,ORANG,2022
143,32,JAWA BARAT,3209,KABUPATEN CIREBON,3209090,Mundu,32.09.12,MUNDU,PAMENGKANG,PRIA,19,ORANG,2022
144,32,JAWA BARAT,3209,KABUPATEN CIREBON,3209100,Beber,32.09.13,BEBER,BEBER,PRIA,30,ORANG,2022
145,32,JAWA BARAT,3209,KABUPATEN CIREBON,3209101,Greged,32.09.38,GREGED,KAMARANG,PRIA,29,ORANG,2022
146,32,JAWA BARAT,3209,KABUPATEN CIREBON,3209101,Greged,32.09.38,GREGED,NANGGELA,PRIA,42,ORANG,2022
147,32,JAWA BARAT,3209,KABUPATEN CIREBON,3209111,Talun,32.09.14,TALUN,TALUN,PRIA,28,ORANG,2022
148,32,JAWA BARAT,3209,KABUPATEN CIREBON,3209111,Talun,32.09.14,TALUN,CIPERNA,PRIA,14,ORANG,2022
149,32,JAWA BARAT,3209,KABUPATEN CIREBON,3209120,Sumber,32.09.15,SUMBER,SUMBER,PRIA,10,ORANG,2022
150,32,JAWA BARAT,3209,KABUPATEN CIREBON,3209120,Sumber,32.09.15,SUMBER,WATUBELAH,PRIA,17,ORANG,2022
151,32,JAWA BARAT,3209,KABUPATEN CIREBON,3209120,Sumber,32.09.15,SUMBER,SENDANG,PRIA,5,ORANG,2022
152,32,JAWA BARAT,3209,KABUPATEN CIREBON,3209121,Dukupuntang,32.09.16,DUKUPUNTANG,DUKUPUNTANG,PRIA,41,ORANG,2022
153,32,JAWA BARAT,3209,KABUPATEN CIREBON,3209121,Dukupuntang,32.09.16,DUKUPUNTANG,SINDANGJAWA,PRIA,13,ORANG,2022
154,32,JAWA BARAT,3209,KABUPATEN CIREBON,3209130,Palimanan,32.09.17,PALIMANAN,PALIMANAN,PRIA,14,ORANG,2022
155,32,JAWA BARAT,3209,KABUPATEN CIREBON,3209130,Palimanan,32.09.17,PALIMANAN,KEPUH,PRIA,14,ORANG,2022
156,32,JAWA BARAT,3209,KABUPATEN CIREBON,3209140,Plumbon,32.09.18,PLUMBON,PLUMBON,PRIA,58,ORANG,2022
157,32,JAWA BARAT,3209,KABUPATEN CIREBON,3209140,Plumbon,32.09.18,PLUMBON,LURAH,PRIA,10,ORANG,2022
158,32,JAWA BARAT,3209,KABUPATEN CIREBON,3209141,Depok,32.09.31,DEPOK,WARUROYOM,PRIA,42,ORANG,2022
159,32,JAWA BARAT,3209,KABUPATEN CIREBON,3209150,Weru,32.09.19,WERU,KARANGSARI,PRIA,23,ORANG,2022
160,32,JAWA BARAT,3209,KABUPATEN CIREBON,3209151,Plered,32.09.36,PLERED,PLERED,PRIA,45,ORANG,2022
161,32,JAWA BARAT,3209,KABUPATEN CIREBON,3209151,Plered,32.09.36,PLERED,PANGKALAN,PRIA,13,ORANG,2022
162,32,JAWA BARAT,3209,KABUPATEN CIREBON,3209161,Tengah Tani,32.09.35,TENGAH TANI,TENGAHTANI,PRIA,45,ORANG,2022
163,32,JAWA BARAT,3209,KABUPATEN CIREBON,3209162,Kedawung,32.09.20,KEDAWUNG,KEDAWUNG,PRIA,33,ORANG,2022
164,32,JAWA BARAT,3209,KABUPATEN CIREBON,3209171,Gunungjati,32.09.21,GUNUNG JATI,GUNUNGJATI,PRIA,25,ORANG,2022
165,32,JAWA BARAT,3209,KABUPATEN CIREBON,3209171,Gunungjati,32.09.21,GUNUNG JATI,MAYUNG,PRIA,12,ORANG,2022
166,32,JAWA BARAT,3209,KABUPATEN CIREBON,3209180,Kapetakan,32.09.22,KAPETAKAN,KEDATON,PRIA,36,ORANG,2022
167,32,JAWA BARAT,3209,KABUPATEN CIREBON,3209181,Suranenggala,32.09.39,SURANENGGALA,SURANENGGALA,PRIA,24,ORANG,2022
168,32,JAWA BARAT,3209,KABUPATEN CIREBON,3209190,Klangenan,32.09.23,KLANGENAN,KLANGENAN,PRIA,32,ORANG,2022
169,32,JAWA BARAT,3209,KABUPATEN CIREBON,3209190,Klangenan,32.09.23,KLANGENAN,BANGODUA,PRIA,16,ORANG,2022
170,32,JAWA BARAT,3209,KABUPATEN CIREBON,3209191,Jamblang,32.09.40,JAMBLANG,JAMBLANG,PRIA,18,ORANG,2022
171,32,JAWA BARAT,3209,KABUPATEN CIREBON,3209200,Arjawinangun,32.09.24,ARJAWINANGUN,TEGAL GUBUG,PRIA,51,ORANG,2022
172,32,JAWA BARAT,3209,KABUPATEN CIREBON,3209201,Panguragan,32.09.25,PANGURAGAN,PANGURAGAN,PRIA,26,ORANG,2022
173,32,JAWA BARAT,3209,KABUPATEN CIREBON,3209210,Ciwaringin,32.09.26,CIWARINGIN,CIWARINGIN,PRIA,21,ORANG,2022
174,32,JAWA BARAT,3209,KABUPATEN CIREBON,3209211,Gempol,32.09.37,GEMPOL,WINONG,PRIA,6,ORANG,2022
175,32,JAWA BARAT,3209,KABUPATEN CIREBON,3209211,Gempol,32.09.37,GEMPOL,GEMPOL,PRIA,13,ORANG,2022
176,32,JAWA BARAT,3209,KABUPATEN CIREBON,3209220,Susukan,32.09.27,SUSUKAN,SUSUKAN,PRIA,21,ORANG,2022
177,32,JAWA BARAT,3209,KABUPATEN CIREBON,3209220,Susukan,32.09.27,SUSUKAN,BUNDER,PRIA,4,ORANG,2022
178,32,JAWA BARAT,3209,KABUPATEN CIREBON,3209230,Gegesik,32.09.28,GEGESIK,GEGESIK,PRIA,23,ORANG,2022
179,32,JAWA BARAT,3209,KABUPATEN CIREBON,3209230,Gegesik,32.09.28,GEGESIK,JAGAPURA,PRIA,36,ORANG,2022
180,32,JAWA BARAT,3209,KABUPATEN CIREBON,3209231,Kaliwedi,32.09.29,KALIWEDI,KALIWEDI,PRIA,28,ORANG,2022
181,32,JAWA BARAT,3209,KABUPATEN CIREBON,3209010,Waled,32.09.01,WALED,WALED,WANITA,21,ORANG,2022
182,32,JAWA BARAT,3209,KABUPATEN CIREBON,3209010,Waled,32.09.01,WALED,CIBOGO,WANITA,16,ORANG,2022
183,32,JAWA BARAT,3209,KABUPATEN CIREBON,3209011,Pasaleman,32.09.32,PASALEMAN,PASALEMAN,WANITA,17,ORANG,2022
184,32,JAWA BARAT,3209,KABUPATEN CIREBON,3209020,Ciledug,32.09.02,CILEDUG,CILEDUG,WANITA,42,ORANG,2022
185,32,JAWA BARAT,3209,KABUPATEN CIREBON,3209021,Pabuaran,32.09.33,PABUARAN,PABUARAN,WANITA,19,ORANG,2022
186,32,JAWA BARAT,3209,KABUPATEN CIREBON,3209030,Losari,32.09.03,LOSARI,LOSARI,WANITA,17,ORANG,2022
187,32,JAWA BARAT,3209,KABUPATEN CIREBON,3209030,Losari,32.09.03,LOSARI,ASTANALANGGAR,WANITA,12,ORANG,2022
188,32,JAWA BARAT,3209,KABUPATEN CIREBON,3209031,Pabedilan,32.09.04,PABEDILAN,PABEDILAN,WANITA,14,ORANG,2022
189,32,JAWA BARAT,3209,KABUPATEN CIREBON,3209031,Pabedilan,32.09.04,PABEDILAN,KALIMUKTI,WANITA,16,ORANG,2022
190,32,JAWA BARAT,3209,KABUPATEN CIREBON,3209040,Babakan,32.09.05,BABAKAN,BABAKAN,WANITA,41,ORANG,2022
191,32,JAWA BARAT,3209,KABUPATEN CIREBON,3209040,Babakan,32.09.05,BABAKAN,GEMBONGAN,WANITA,17,ORANG,2022
192,32,JAWA BARAT,3209,KABUPATEN CIREBON,3209041,Gebang,32.09.30,GEBANG,GEBANG,WANITA,18,ORANG,2022
193,32,JAWA BARAT,3209,KABUPATEN CIREBON,3209041,Gebang,32.09.30,GEBANG,KALIMARO,WANITA,12,ORANG,2022
194,32,JAWA BARAT,3209,KABUPATEN CIREBON,3209050,Karangsembung,32.09.06,KARANGSEMBUNG,KARANGSEMBUNG,WANITA,15,ORANG,2022
195,32,JAWA BARAT,3209,KABUPATEN CIREBON,3209051,Karangwareng,32.09.34,KARANGWARENG,KUBANGDELEG,WANITA,21,ORANG,2022
196,32,JAWA BARAT,3209,KABUPATEN CIREBON,3209060,Lemahabang,32.09.07,LEMAHABANG,SINDANGLAUT,WANITA,37,ORANG,2022
197,32,JAWA BARAT,3209,KABUPATEN CIREBON,3209061,Susukanlebak,32.09.08,SUSUKAN LEBAK,SUSUKANLEBAK,WANITA,31,ORANG,2022
198,32,JAWA BARAT,3209,KABUPATEN CIREBON,3209070,Sedong,32.09.09,SEDONG,SEDONG,WANITA,42,ORANG,2022
199,32,JAWA BARAT,3209,KABUPATEN CIREBON,3209080,Astanajapura,32.09.10,ASTANAJAPURA,ASTANAJAPURA,WANITA,27,ORANG,2022
200,32,JAWA BARAT,3209,KABUPATEN CIREBON,3209080,Astanajapura,32.09.10,ASTANAJAPURA,SIDAMULYA,WANITA,43,ORANG,2022
201,32,JAWA BARAT,3209,KABUPATEN CIREBON,3209081,Pangenan,32.09.11,PANGENAN,PANGENAN,WANITA,20,ORANG,2022
202,32,JAWA BARAT,3209,KABUPATEN CIREBON,3209090,Mundu,32.09.12,MUNDU,MUNDU,WANITA,16,ORANG,2022
203,32,JAWA BARAT,3209,KABUPATEN CIREBON,3209090,Mundu,32.09.12,MUNDU,PAMENGKANG,WANITA,20,ORANG,2022
204,32,JAWA BARAT,3209,KABUPATEN CIREBON,3209100,Beber,32.09.13,BEBER,BEBER,WANITA,18,ORANG,2022
205,32,JAWA BARAT,3209,KABUPATEN CIREBON,3209101,Greged,32.09.38,GREGED,KAMARANG,WANITA,20,ORANG,2022
206,32,JAWA BARAT,3209,KABUPATEN CIREBON,3209101,Greged,32.09.38,GREGED,NANGGELA,WANITA,32,ORANG,2022
207,32,JAWA BARAT,3209,KABUPATEN CIREBON,3209111,Talun,32.09.14,TALUN,TALUN,WANITA,16,ORANG,2022
208,32,JAWA BARAT,3209,KABUPATEN CIREBON,3209111,Talun,32.09.14,TALUN,CIPERNA,WANITA,4,ORANG,2022
209,32,JAWA BARAT,3209,KABUPATEN CIREBON,3209120,Sumber,32.09.15,SUMBER,SUMBER,WANITA,17,ORANG,2022
210,32,JAWA BARAT,3209,KABUPATEN CIREBON,3209120,Sumber,32.09.15,SUMBER,WATUBELAH,WANITA,13,ORANG,2022
211,32,JAWA BARAT,3209,KABUPATEN CIREBON,3209120,Sumber,32.09.15,SUMBER,SENDANG,WANITA,10,ORANG,2022
212,32,JAWA BARAT,3209,KABUPATEN CIREBON,3209121,Dukupuntang,32.09.16,DUKUPUNTANG,DUKUPUNTANG,WANITA,22,ORANG,2022
213,32,JAWA BARAT,3209,KABUPATEN CIREBON,3209121,Dukupuntang,32.09.16,DUKUPUNTANG,SINDANGJAWA,WANITA,3,ORANG,2022
214,32,JAWA BARAT,3209,KABUPATEN CIREBON,3209130,Palimanan,32.09.17,PALIMANAN,PALIMANAN,WANITA,16,ORANG,2022
215,32,JAWA BARAT,3209,KABUPATEN CIREBON,3209130,Palimanan,32.09.17,PALIMANAN,KEPUH,WANITA,7,ORANG,2022
216,32,JAWA BARAT,3209,KABUPATEN CIREBON,3209140,Plumbon,32.09.18,PLUMBON,PLUMBON,WANITA,28,ORANG,2022
217,32,JAWA BARAT,3209,KABUPATEN CIREBON,3209140,Plumbon,32.09.18,PLUMBON,LURAH,WANITA,5,ORANG,2022
218,32,JAWA BARAT,3209,KABUPATEN CIREBON,3209141,Depok,32.09.31,DEPOK,WARUROYOM,WANITA,27,ORANG,2022
219,32,JAWA BARAT,3209,KABUPATEN CIREBON,3209150,Weru,32.09.19,WERU,KARANGSARI,WANITA,12,ORANG,2022
220,32,JAWA BARAT,3209,KABUPATEN CIREBON,3209151,Plered,32.09.36,PLERED,PLERED,WANITA,28,ORANG,2022
221,32,JAWA BARAT,3209,KABUPATEN CIREBON,3209151,Plered,32.09.36,PLERED,PANGKALAN,WANITA,14,ORANG,2022
222,32,JAWA BARAT,3209,KABUPATEN CIREBON,3209161,Tengah Tani,32.09.35,TENGAH TANI,TENGAHTANI,WANITA,34,ORANG,2022
223,32,JAWA BARAT,3209,KABUPATEN CIREBON,3209162,Kedawung,32.09.20,KEDAWUNG,KEDAWUNG,WANITA,24,ORANG,2022
224,32,JAWA BARAT,3209,KABUPATEN CIREBON,3209171,Gunungjati,32.09.21,GUNUNG JATI,GUNUNGJATI,WANITA,19,ORANG,2022
225,32,JAWA BARAT,3209,KABUPATEN CIREBON,3209171,Gunungjati,32.09.21,GUNUNG JATI,MAYUNG,WANITA,12,ORANG,2022
226,32,JAWA BARAT,3209,KABUPATEN CIREBON,3209180,Kapetakan,32.09.22,KAPETAKAN,KEDATON,WANITA,11,ORANG,2022
227,32,JAWA BARAT,3209,KABUPATEN CIREBON,3209181,Suranenggala,32.09.39,SURANENGGALA,SURANENGGALA,WANITA,21,ORANG,2022
228,32,JAWA BARAT,3209,KABUPATEN CIREBON,3209190,Klangenan,32.09.23,KLANGENAN,KLANGENAN,WANITA,30,ORANG,2022
229,32,JAWA BARAT,3209,KABUPATEN CIREBON,3209190,Klangenan,32.09.23,KLANGENAN,BANGODUA,WANITA,8,ORANG,2022
230,32,JAWA BARAT,3209,KABUPATEN CIREBON,3209191,Jamblang,32.09.40,JAMBLANG,JAMBLANG,WANITA,22,ORANG,2022
231,32,JAWA BARAT,3209,KABUPATEN CIREBON,3209200,Arjawinangun,32.09.24,ARJAWINANGUN,TEGAL GUBUG,WANITA,22,ORANG,2022
232,32,JAWA BARAT,3209,KABUPATEN CIREBON,3209201,Panguragan,32.09.25,PANGURAGAN,PANGURAGAN,WANITA,19,ORANG,2022
233,32,JAWA BARAT,3209,KABUPATEN CIREBON,3209210,Ciwaringin,32.09.26,CIWARINGIN,CIWARINGIN,WANITA,15,ORANG,2022
234,32,JAWA BARAT,3209,KABUPATEN CIREBON,3209211,Gempol,32.09.37,GEMPOL,WINONG,WANITA,7,ORANG,2022
235,32,JAWA BARAT,3209,KABUPATEN CIREBON,3209211,Gempol,32.09.37,GEMPOL,GEMPOL,WANITA,10,ORANG,2022
236,32,JAWA BARAT,3209,KABUPATEN CIREBON,3209220,Susukan,32.09.27,SUSUKAN,SUSUKAN,WANITA,14,ORANG,2022
237,32,JAWA BARAT,3209,KABUPATEN CIREBON,3209220,Susukan,32.09.27,SUSUKAN,BUNDER,WANITA,7,ORANG,2022
238,32,JAWA BARAT,3209,KABUPATEN CIREBON,3209230,Gegesik,32.09.28,GEGESIK,GEGESIK,WANITA,8,ORANG,2022
239,32,JAWA BARAT,3209,KABUPATEN CIREBON,3209230,Gegesik,32.09.28,GEGESIK,JAGAPURA,WANITA,19,ORANG,2022
240,32,JAWA BARAT,3209,KABUPATEN CIREBON,3209231,Kaliwedi,32.09.29,KALIWEDI,KALIWEDI,WANITA,14,ORANG,2022
